Player Name,Transfer Origin,Transfer Destination,League,Status,Details
Matteo Meschiari,Campi Reali Cantú,Essence Hotels Fano,Italy,Done Deal,Outside Hitter from Italy
Lyvan Taboada Díaz,Jakarta Garuda Jaya,Volley Schönenwerd,Indonesia,Done Deal,Setter from Cuba
Sebastián Pozo Hernández,Lycurgus Groningen,Volley Schönenwerd,Netherlands,Done Deal,Outside Hitter from Finland
Giulio Pinali,Delta Volley Porto Viro,Essence Hotels Fano,Italy,Done Deal,Opposite from Italy
Stanisław Chaciński,Ohio State Univ.,Loyola Chicago Univ.,USA,Done Deal,Outside Hitter from Poland
Swan Legrand,LISSP Calais,Montpellier Volley CFC,France,Done Deal,Libero from France
Swan Legrand,LISSP Calais,Montpellier Volley,France,Done Deal,Libero from France
Damyan Kolev,Levski Sofia,Barock Volleys MTV Ludwigsburg,Bulgaria,Done Deal,Libero from Bulgaria
Juan Manuel Giulietti,River Plate,ConectaBalear CV Manacor,Argentina,Done Deal,Setter from Argentina
Pablo Denis Cabañas,Volley Näfels,ConectaBalear CV Manacor,Switzerland,Done Deal,Opposite from Argentina
Giuliano Turcitu,River Plate,ConectaBalear CV Manacor,Argentina,Done Deal,Outside Hitter from Argentina
Sergio Soria,Ciudad Vóley,CV Playas de Benidorm,Argentina,Done Deal,Middle-blocker from Argentina
Mohammad Hossein Charkhluyi,Azerrail Baku,OK Metalac Takovo,Azerbaijan,Done Deal,Outside Hitter from Iran
Martin Odermatt,NNV Volley Talents Argovia,Volley Schönenwerd,Switzerland,Done Deal,Outside Hitter from Switzerland
Noe Hofer,VBC Sursee,Volley Schönenwerd,Switzerland,Done Deal,Opposite from Switzerland
Manuel Baumann,TV Schönenwerd II,Volley Schönenwerd,Switzerland,Done Deal,Libero from Switzerland
David Blum,TV Schönenwerd II,Volley Schönenwerd,Switzerland,Done Deal,Middle-blocker from Switzerland
Nikolay Kotevski,Saint Xavier University,Beroe 2016,USA,Done Deal,Middle-blocker from Bulgaria
Gabriel Rumenov,Dunav Ruse,Beroe 2016,Bulgaria,Done Deal,Outside Hitter from Bulgaria
Niko Indzeliev,Dunav Ruse,Beroe 2016,Bulgaria,Done Deal,Setter from Bulgaria
Victor Alcântara,VK ČEZ Karlovarsko,Deya Volley,Czech Republic,Done Deal,Middle-blocker from Brazil
Florian Schnidrig,Colombier Volley II,Colombier Volley,Switzerland,Done Deal,Setter from Switzerland
David Korica,Vojvodina Mozzart Novi Sad,Missouri Baptist Univ.,Serbia,Done Deal,Middle-blocker from Serbia
Milad Ebadipour,Steam Hemarpol Politechnika Częstochowa,AONS Milon,Poland,Done Deal,Outside Hitter from Iran
Vaggelis Markakis,Panathinaikos Athens U21,Warner University,Greece,Done Deal,Outside Hitter from Greece
Felix Hallernäs,St. Thomas Aquinas College,Lunds VK,USA,Done Deal,Outside Hitter from Sweden
Leonardo Canenti,Maia Pallavolo Cascia,Conad Pala Terni Volley Academy,Italy,Done Deal,Libero from Italy
Simone Oberto,Cuneo Volley,Conad Pala Terni Volley Academy,Italy,Done Deal,Libero from Italy
Massimiliano Matani,Sarroch Volley,Conad Pala Terni Volley Academy,Italy,Done Deal,Middle-blocker from Italy
Michele Severini,Sir Safety Perugia B,Conad Pala Terni Volley Academy,Italy,Done Deal,Middle-blocker from Italy
Alessandro Finauri,Cisterna Volley,Conad Pala Terni Volley Academy,Italy,Done Deal,Libero from Italy
Marco Stambuco,Italchimici Intersistemi Foligno,Conad Pala Terni Volley Academy,Italy,Done Deal,Setter from Italy
Pier Paolo Partenio,Sarroch Volley,Conad Pala Terni Volley Academy,Italy,Done Deal,Setter from Italy
Aleksandar Kordev,Dunav Ruse,Beroe 2016,Bulgaria,Done Deal,Middle-blocker from Bulgaria
Altan Demiryurek,Beauvais Oise Université Club,Harnes Volley-Ball,France,Done Deal,Libero from France
Check-Ethan Namboue,Nice Volley-Ball CFC,Harnes Volley-Ball,France,Done Deal,Opposite from France
Thomas Lapierre,LISSP Calais,Harnes Volley-Ball,France,Done Deal,Outside Hitter from France
Axel Téllez Rodríguez,Spacer's Toulouse Volley,AO Kalamata 1980 Affidea,France,Done Deal,Middle-blocker from Mexico
Thijs Ter Horst,Shanghai Bright,AONS Milon,China,Done Deal,Outside Hitter from Netherlands
Grega Okroglič,Alpacem Kanal,ACH Volley Ljubljana,Slovenia,Done Deal,Libero from Slovenia
Uroš Planinšič,Rana Verona,ACH Volley Ljubljana,Italy,Done Deal,Setter from Slovenia
Jake Hanes,Berlin Recycling Volleys,Olympiakós,Germany,Done Deal,Opposite from USA
Okan Demiryurek,AS Cannes,Le Plessis-Robinson Volley-Ball,France,Done Deal,Libero from France
Ryan McElligott,Loyola Chicago Univ.,Saint-Quentin Volley,USA,Done Deal,Setter from USA
Stoil Palev,Levski Sofia,Essence Hotels Fano,Bulgaria,Done Deal,Setter from Bulgaria
Linus Weber,PGE Projekt Warszawa,Uijeongbu KB Insurance Stars,Poland,Done Deal,Opposite from Germany
Xander Ketrzynski,AS Cannes,Incheon Korean Air Jumbos,France,Done Deal,Opposite from Canada
Felipe Roque,Hiroshima Thunders,Daejeon Samsung Bluefangs,Japan,Done Deal,Opposite from Brazil
Kyle Russell,Incheon Korean Air Jumbos,Busan OK Savings Bank OKman,South Korea,Done Deal,Opposite from USA
Tsvetan Sokolov,Halkbank Spor Kulübü,Deya Volley,Turkey,Done Deal,Opposite from Bulgaria
Niklas Etlinger,SG Mühlviertel Volleys,VCA Amstetten NÖ,Austria,Done Deal,Outside Hitter from Austria
Erik Shoji,Asseco Resovia Rzeszów,Berlin Recycling Volleys,Poland,Done Deal,Libero from USA
Kristian Titriyski,Hawaii Univ.,Levski Sofia,USA,Done Deal,Opposite from Bulgaria
Svetoslav Ivanov,CSA Steaua București,Levski Sofia,Romania,Done Deal,Outside Hitter from Bulgaria
Rusi Zhelev,Banca Macerata Fisiomed MC,Conad Reggio Emilia,Italy,Done Deal,Outside Hitter from Bulgaria
Robbert Andringa,Gas Sales Bluenergy Piacenza,Tourcoing Lille Métropole,Italy,Done Deal,Outside Hitter from Netherlands
Sacha Luypaert,BW Nivelles Volley,TeamFisk Volley Klein-Brabant Puurs-Sint-Amands,Belgium,Done Deal,Opposite from Belgium
Pieter Winters,KwadrO Amigos Sint-Antonius Zoersel,TeamFisk Volley Klein-Brabant Puurs-Sint-Amands,Belgium,Done Deal,Outside Hitter from Belgium
Nico Fuchs,TSV Jona Volleyball,STV St. Gallen,Switzerland,Done Deal,Opposite from Switzerland
Glen Toma,NTZ Rapperswil-Jona,STV St. Gallen,Switzerland,Done Deal,Setter from Switzerland
Nikolay Ivanov,Campi Reali Cantú,SKV Montana,Italy,Rumor,Outside Hitter from Bulgaria
Porya Yali,Shahrdari Urmia VC,Vôlei Mania Itaquá,Iran,Rumor,Opposite from Iran
Soheil Kamalabadi,Mehregan Noor,Vôlei Mania Itaquá,Iran,Rumor,Outside Hitter from Iran
Paolo Zonca,Emma Villas Codyeco Lupi Siena,Altekma SK,Italy,Rumor,Outside Hitter from Italy
Leonardo Barbanti,Allianz Milano,Valsa Group Modena,Italy,Rumor,Setter from Italy
Lorenzo Magliano,Delta Volley Porto Viro,Cisterna Volley,Italy,Rumor,Outside Hitter from Italy
Lucas Astegiano,River Plate,Pamesa Teruel Voleibol,Argentina,Rumor,Setter from Argentina
Berk Dilmenler,Gebze Belediyesi Spor Kulübü,Altekma SK,Turkey,Rumor,Opposite from Turkey
Ahmed Ikhbayri,Valsa Group Modena,ON Hotels Alanya Belediyespor,Italy,Rumor,Opposite from Libya
Kamil Urbańczyk,CUK Anioły Toruń,KPS Siedlce,Poland,Rumor,Middle-blocker from Poland
Kristian Gamba,Tinet Prata di Pordenone,Abba Pineto,Italy,Rumor,Opposite from Italy
Fabrizio Gironi,Rana Verona,Abba Pineto,Italy,Rumor,Opposite from Italy
Karli Allik,Abba Pineto,Belluno Volley,Italy,Rumor,Outside Hitter from Estonia
Stefano Trillini,Abba Pineto,Essence Hotels Fano,Italy,Rumor,Middle-blocker from Italy
Fernando Gabriel Garnica,Evolution Green Aversa,EnergyTime Campobasso,Italy,Rumor,Setter from Italy
Antonino Suraci,Abba Pineto,EnergyTime Campobasso,Italy,Rumor,Outside Hitter from Italy
Josh Tuaniga,KS Jastrzębski Węgiel,Berlin Recycling Volleys,Poland,Rumor,Setter from USA
Arseny Kotau,Energia Gomel,Belogorie Belgorod,Belarus,Rumor,Setter from Belarus
Jožef Verdinek,ACH Volley Ljubljana,Črnuče,Slovenia,Rumor,Libero from Slovenia
Oğuzhan Tarakçı,Kuşgöz İzmir Vinç Akkuş Belediyespor,Altekma SK,Turkey,Rumor,Opposite from Turkey
Adrian Kacperkiewicz,KPS Siedlce,KS Sparta Grodzisk Mazowiecki,Poland,Rumor,Outside Hitter from Poland
Jackson Young,BOGDANKA LUK Lublin,Altekma SK,Poland,Rumor,Outside Hitter from Canada
Muhammet Kaya,Spor Toto Spor Kulübü,Sungurlu Belediyespor,Turkey,Rumor,Setter from Turkey
Erik Röhrs,MINT Vero Volley Monza,Olympiakós,Italy,Rumor,Outside Hitter from Germany
Gabrijel Cvanciger,Sir Sicoma Monini Perugia,VC Greenyard Maaseik,Italy,Rumor,Opposite from Croatia
Caner Ergül,Galatasaray HDI Istanbul,Bursa Büyükşehir Belediyespor,Turkey,Rumor,Libero from Turkey
Todor Dimitrov,VC Cherno More,Metalurg Pernik,Bulgaria,Rumor,Outside Hitter from Bulgaria
Pavel Dushkov,SKV Montana,Metalurg Pernik,Bulgaria,Rumor,Middle-blocker from Bulgaria
Ventsislav Ragin,Neftochimic Burgas,Deya Volley,Bulgaria,Rumor,Middle-blocker from Bulgaria
Lorenzo Grottoli,Aurispa Libellula Lecce,Delta Volley Porto Viro,Italy,Rumor,Middle-blocker from Italy
Nicola Tiozzo,Evolution Green Aversa,Delta Volley Porto Viro,Italy,Rumor,Outside Hitter from Italy
Lorenzo Sperotto,Rinascita Lagonegro,Delta Volley Porto Viro,Italy,Rumor,Setter from Italy
Mattia Gottardo,Porto Robur Costa Ravenna,Sviluppo Sud Catania,Italy,Rumor,Outside Hitter from Italy
Enrico Diamantini,Cisterna Volley,Sviluppo Sud Catania,Italy,Rumor,Middle-blocker from Italy
Andrea Canella,Porto Robur Costa Ravenna,Sviluppo Sud Catania,Italy,Rumor,Middle-blocker from Italy
Matheus Motzo,Evolution Green Aversa,Sviluppo Sud Catania,Italy,Rumor,Opposite from Italy
Manuele Marchiani,Yuasa Battery Grottazzolina,Sviluppo Sud Catania,Italy,Rumor,Setter from Italy
Simon Plaskie,Berlin Recycling Volleys,Banca Macerata Fisiomed MC,Germany,Rumor,Outside Hitter from Belgium
Leonardo Gabriel Sandu,Itas Trentino,Banca Macerata Fisiomed MC,Italy,Rumor,Middle-blocker from Italy
Lorenzo Esposito,Rinascita Lagonegro,Banca Macerata Fisiomed MC,Italy,Rumor,Setter from Italy
Giacomo Raffaelli,Rinascita Lagonegro,Evolution Green Aversa,Italy,Rumor,Outside Hitter from Italy
Henry Rempel,Lindemans Aalst,Evolution Green Aversa,Belgium,Rumor,Opposite from Canada
Maximiliano Cavanna,Olympiakós,Evolution Green Aversa,Greece,Rumor,Setter from Argentina
Martins Arasomwan,Rinascita Lagonegro,Conad Reggio Emilia,Italy,Rumor,Middle-blocker from Italy
Matteo Zamagni,Abba Pineto,Yuasa Battery Grottazzolina,Italy,Rumor,Middle-blocker from Italy
Alberto Benedicenti,Tinet Prata di Pordenone,Essence Hotels Fano,Italy,Rumor,Libero from Italy
Claudio Cattaneo,Cuneo Volley,Essence Hotels Fano,Italy,Rumor,Outside Hitter from Italy
Mattia Raffa,Evolution Green Aversa,JV Gioia Del Colle,Italy,Rumor,Libero from Italy
Boris Nachev,Sonepar Padova,JV Gioia Del Colle,Italy,Rumor,Middle-blocker from Bulgaria
Matteo Pedron,Banca Macerata Fisiomed MC,JV Gioia Del Colle,Italy,Rumor,Setter from Italy
Pietro Bonisoli,Rana Verona,Gruppo Consoli Sferc Brescia,Italy,Rumor,Libero from Italy
Nicola Salsi,Cisterna Volley,Gruppo Consoli Sferc Brescia,Italy,Rumor,Setter from Italy
Elia Bossi,Prisma Taranto Volley,Itas Trentino,Italy,Rumor,Middle-blocker from Italy
Oleg Antonov,Prisma Taranto Volley,Yuasa Battery Grottazzolina,Italy,Rumor,Outside Hitter from Italy
Matteo Lusetti,Prisma Taranto Volley,Gabbiano FarmaMed Mantova,Italy,Rumor,Setter from Italy
Gabriele Sanfilippo,Prisma Taranto Volley,Gruppo Consoli Sferc Brescia,Italy,Rumor,Middle-blocker from Italy
Maximiliano Chirivino,VK ČEZ Karlovarsko,VK Lvi Praha,Czech Republic,Rumor,Setter from Argentina
Maksym Tonkonoh,Essence Hotels Fano,Cucine Lube Civitanova,Italy,Rumor,Opposite from Ukraine
Lucas França Santos,SL Benfica,Suzano Vôlei,Portugal,Rumor,Middle-blocker from Brazil
